{"cameraMode":{"drawMode":0,"name":"Shaded","section":"Shading Mode"},"sceneLighting":true,"audioPlay":false,"sceneViewState":{"m_AlwaysRefresh":false,"showFog":true,"showSkybox":true,"showFlares":true,"showImageEffects":true,"showParticleSystems":true,"showVisualEffectGraphs":true,"m_FxEnabled":true},"in2DMode":false,"pivot":{"x":28.541873931884767,"y":7.811851501464844,"z":66.39784240722656},"rotation":{"x":0.21249033510684968,"y":0.22066593170166017,"z":-0.049234118312597278,"w":0.9509505033493042},"size":101.41172790527344,"orthographic":false}